{"grid_mesh":50,"feature_dimension":2,"performances":{"0":[365.0]},"solutions":{"0":"{\"fitness\":[365.0],\"chromosome\":[0.842947726095622,0.8450842669934995,0.914408714538457,0.7038345923527076,0.12837595836090432,0.954953544434129,0.44380796867319483,0.6790457184704144,0.2982676218232714,0.831364420069677,0.7435815855244532,0.8828330479532243,0.5992524049833889,0.11846680233773776,0.3908208697626949,0.1349798727672198,0.7014823896562512,0.1826743144087759,0.04892858685190005,0.9134791052045812,0.9424687770709401,0.05411842916391141,0.9386612889791244,0.4444892104668683,0.9225868413524521,0.7734873637625594,0.495386414914996,0.4019931943411059,0.6685296977161519,0.18002806796973547,0.22792568111562916,0.2085009658718593,0.8694670003401728,0.5812557823119877,0.1742607765114812,0.7865620186839757,0.4513128370650652,0.0934842558631086,0.6062623315674531,0.6962475326560604,0.5994762327763727,0.8793797227098721,0.8274120512951111,0.49135758136827024,0.6757752392233565,0.9783333356055797,0.45604261927180634,0.7440200695741015,0.1247478012548573,0.861386996198745,0.2980453211637448,0.48933241039983133,0.7900519008702744,0.43528637037178375,0.5934095170417697,0.9255468468095052,0.5842089803863482,0.3103962905857751,0.5781072221847492,0.3851031701655794,0.11129367688042557,0.4616278408336554,0.09533563979912074,0.9197512976912074,0.707858578427577,0.12225481514318992,0.9056575062353236,0.7216487278712913,0.6852006710549379,0.9871666109543706,0.7887191679593462,0.40408311936798236,0.03284140686132209,0.18321082854994875,0.2616517957441242,0.9154331180175437,0.707848578944074,0.28993519397742507,0.7744106501322092,0.6871184657637037,0.5543498125812347,0.6192795706180707,0.1765474302266652,0.3121570815164125,0.26336388156525525,0.017630672365956057,0.3309893402082802,0.7164905561238311,0.9656740799203121,0.7748700593008699,0.6053913598465221,0.6593439444078164,0.7267939872519287,0.8745455887911735,0.31444162789596986,0.9954794569249914,0.6389596133397448,0.768048552280157,0.6101760718296585,0.6047200157666812,0.025397837024206282,0.5423033468221581,0.6550082273040327,0.4370717542939293,0.8865476123473148,0.09101132950391766,0.26216023457264925,0.25930672547014044,0.45808396764418324,0.6219827337783359,0.1233475957934358,0.7876043403859216,0.5802564239224057,0.8086821986388886,0.8189495097750275,0.3446333592649391,0.6731071996454845,0.3916509987750467,0.01669819420599472,0.29938945701332553,0.5509546031803536,0.8007971452096845,0.7816987062512113,0.6411819023853151,0.5910410764913647,0.14276576863046486,0.9950663940364959,0.5995447357633139,0.3798525426062651,0.27592181726911624,0.5541751809740127,0.9292478572041651,0.418023900653153,0.9543835593856582,0.7805336322066856,0.9869166935487241,0.7600776334650439,0.34448568853296835,0.10892018122804692,0.7642355894942094,0.833679663631735,0.9350653361226333,0.9414178853842359,0.8968474904947994,0.664575059359239,0.685473038179294,0.11901608299917288,0.5315177630006105,0.4564776038454359,0.11121714899809332,0.14385723319098576,0.33785011503819407,0.03240687993893365,0.7779118673419085,0.0018994850744273872,0.5909332719857068,0.6089973252899388,0.33662389752166977,0.8422846436959994,0.747474548675424,0.6654526303557196,0.12370441916364405,0.35495490673016894,0.14609897729151222,0.7286296407524515,0.8175073301585447,6.120367519724113e-5,0.48085260294619747,0.6898300372325472,0.08919183482094084,0.12085450028008027,0.9952870199818655,0.7128595954202046,0.5037996381227627,0.14529168041903517,0.9061288712717939,0.7230924189122763,0.9440939409948454,0.7598865760541631,0.6490126327773269,0.9534666352717749,0.7783579195126147,0.7828901775948982,0.8816764233360557,0.7437614411252622,0.8033763276873629,0.08330732000223362,0.4238023410521754,0.8990843221991041,0.9211122637879063,0.18175509906200582,0.762623023061634,0.4098457035668741,0.8701484682851448,0.9269278854098284,0.2971494560608714,0.6691081563768668,0.9782519368406286,0.5822057398124021,0.37171902831906056,0.5241161537591723,0.5482511191182478,0.8888548794475304,0.004125496855632127,0.8188765822034914,0.5681621231233067,0.5818318897676618,0.43823744262620634,0.3186406569954918,0.4245700863768427,0.18507521645577873,0.11260294092785395,0.010145843290438883,0.30120252497005207,0.4501013721112064,0.9476510271028988,0.14376842397445921,0.3296682703603617,0.5954634423554377,0.4758750597313741,0.35606103496890396,0.7942540587555291,0.23174992571893682,0.3557249795423332,0.17813587911569018,0.7848518532072819,0.1979978103463207,0.11211537124488546,0.7288096832567623,0.7553293948807178,0.5560605717069753,0.5798828380336378,0.2497494972647898,0.959138868797893,0.6512018641416184,0.9864666952680996,0.15236016379200712,0.7762558605555723,0.0873947728092277,0.414644562407245,0.9354807647811714,0.7987351448938222,0.8839585643525243,0.9014542122035403,0.8981082062618211,0.4152815469755433,0.2376347691002978,0.3928362045364593,0.7639885816899052,0.9013058270501224,0.9761770556088429,0.5735835168091321,0.5915674283700671,0.40928212324170765,0.8969846017960008,0.13070409355210533,0.14853597770682025,0.6601225327425164,0.90859356158082,0.5684888715242193,0.046745428884200635,0.02856316336907261,0.019837995355440174,0.049594829505890115,0.8443575617806913,0.9505415407610844,0.0870177471819098,0.9849003966768235,0.8253616715013852,0.6146072101682953,0.6463191334595773,0.4951074874809167,0.4530922812476472,0.5816051912384608,0.7386865039890866,0.5301349225447387,0.9976077264495502,0.7996291664682615,0.7821043407176345,0.18041135770993533,0.662472907018052,0.44192263869414083,0.054883300528606904,0.5441387679689771,0.8081641213586841,0.21228226193613153,0.37614076737865076,0.2152670865150652,0.24035000109710802,0.7884189514022557,0.7417204547210625,0.500065109725293,0.44858731555670217,0.5938307431709993,0.09481095992292587,0.7540498235483206,0.8890657256454,0.8413990874522623,0.2902026899337036,0.5091517319191348,0.8557100322939062,0.08713547953499567,0.6186117180371191,0.24828380874828504,0.5768058254251862,0.5587056888474087,0.1859264290260838,0.5993959682534604,0.6389043626486122,0.1528481562738344,0.7407761508149109,0.8324119349464911,0.7123278321837256,0.2272145131609482,0.28737301869679266,0.8458300958783718,0.785003074992481,0.9353238810381976,0.45351287483414526,0.4634995434392186,0.25642148636572926,0.2969144041621934,0.2800052587061501,0.13762317355530707,0.2683780595169305,0.8941087879380998,0.5521928955260449,0.7130205191823387,0.42412108545501925,0.15268344097895592,0.8138212769979121,0.28699424818760066,0.35083090355214086,0.49923837241381697,0.7050494065349675,0.7106438084870315,0.16798542780057235,0.06927683607719293,0.43775374563754577,0.7258908489370639,0.5565452854210196,0.5124051559068006,0.28811688421740134,0.26200715500897775,0.10706805981442735,0.9688728889583769,0.8357057590745232,0.6848112676393017,0.02689896634194544,0.6507923660874586,0.13300768880797387,0.058250412686332576,0.94697323371262,0.8419796053631678,0.6109745475312951,0.1770474935250217,0.9911455568230445,0.8479349866675681,0.9448762379436877,0.6301975211786564,0.6321666708788516,0.9813707049448079,0.05483001967557288,0.9200851064875291,0.6783719457237236,0.31020468253770783,0.9379906312633095,0.4416917477207847,0.33234334564149814,0.39687478847981783,0.909968694076384,0.29730286583642784,0.19678338293907616,0.5051453858188244,0.5244541651311025,0.9147687527938659,0.5771771937369417,0.3491660302848767,0.375645392183382,0.9692535258948309,0.997814714626531,0.9678466465061573,0.2052334948177852,0.536312657150501,0.25145181526421956,0.772990885114532,0.6876273889592321,0.24970267003905633,0.24732961271150677,0.5944927840036875,0.6865934746273452,0.8061867309884563,0.05601781306419995,0.46372210896699273,0.0513188216528615,0.4506346179414753,0.8046007786014284,0.2172562519700747,0.20426089500988187,0.2708505226542388,0.05921916692751528,0.8138470355519207,0.19880971269708092,0.26936291403710744,0.14027282974296384,0.4534260181764427,0.6318431092637491,0.13144335462930612,0.09057925987269155,